<Anims>
 <anim name="BUILD" root="wgc0310_staff_blue" numframes="50" framerate="40">
  <frame idx="0" w="1242" h="1047" x="30.500000" y="-297.014221">
   <element name="wilson" layername="wilson" frame="0" z_index="3" m_a="1.000000" m_b="0.000000" m_c="0.000000" m_d="1.000000" m_tx="-548.973999" m_ty="-364.090912"/>
   <element name="wilson" layername="wilson" frame="1" z_index="2" m_a="1.000000" m_b="0.000000" m_c="0.000000" m_d="1.000000" m_tx="-146.753250" m_ty="-372.428558"/>
   <element name="wilson" layername="wilson-2" frame="2" z_index="1" m_a="1.000000" m_b="0.000000" m_c="0.000000" m_d="1.000000" m_tx="371.974030" m_ty="-368.584412"/>
   <element name="swap_object" layername="swap_object" frame="0" z_index="6" m_a="0.999391" m_b="0.034900" m_c="-0.034900" m_d="0.999391" m_tx="96.385544" m_ty="-104.819275"/>
   <element name="swap_object" layername="swap_object" frame="0" z_index="5" m_a="0.999391" m_b="0.034900" m_c="-0.034900" m_d="0.999391" m_tx="-319.905975" m_ty="-104.819283"/>
   <element name="swap_object" layername="swap_object" frame="0" z_index="4" m_a="0.999391" m_b="-0.034899" m_c="0.034899" m_d="0.999391" m_tx="394.370514" m_ty="-104.819283"/>
  </frame>
  <frame idx="25" w="1242" h="1047" x="30.500000" y="-297.014221">
   <element name="wilson" layername="wilson" frame="0" z_index="3" m_a="1.000000" m_b="0.000000" m_c="0.000000" m_d="1.000000" m_tx="-548.973999" m_ty="-364.090912"/>
   <element name="wilson" layername="wilson" frame="1" z_index="2" m_a="1.000000" m_b="0.000000" m_c="0.000000" m_d="1.000000" m_tx="-146.753250" m_ty="-372.428558"/>
   <element name="wilson" layername="wilson-2" frame="2" z_index="1" m_a="1.000000" m_b="0.000000" m_c="0.000000" m_d="1.000000" m_tx="371.974030" m_ty="-368.584412"/>
   <element name="swap_object" layername="swap_object" frame="0" z_index="6" m_a="0.999391" m_b="0.034900" m_c="-0.034900" m_d="0.999391" m_tx="96.385544" m_ty="-104.819275"/>
   <element name="swap_object" layername="swap_object" frame="0" z_index="5" m_a="0.999391" m_b="0.034900" m_c="-0.034900" m_d="0.999391" m_tx="-319.905975" m_ty="-104.819283"/>
   <element name="swap_object" layername="swap_object" frame="0" z_index="4" m_a="0.999391" m_b="-0.034899" m_c="0.034899" m_d="0.999391" m_tx="394.370514" m_ty="-104.819283"/>
  </frame>
 </anim>
</Anims>
